filename,category,text_content
Circadian rhythm disruption and mental health.pdf,Sleep Hygiene,"Circadian rhythms are internal cycles synchronized by the daily light-dark cycle, and their disruption through jet lag, shift work, or artificial light is bi-directionally linked to mood disorders like depression and anxiety. Disrupted rhythms can precipitate or worsen affective symptoms, while mood disorders themselves often disturb sleep and cortisol secretion. Evidence from animal models and human studies suggests that even in healthy individuals, induced rhythm disruptions lead to negative changes in mood and behavior. Targeted resynchronization of circadian rhythms, achieved through behavioral lifestyle changes or light therapy, can improve symptoms of mood disorders, suggesting that managing sleep-wake cycles is a viable intervention for improving mental health.,"
"Human Attention Restoration, Flow, and Creativity_ A Conceptual Integration.pdf",Stress Management,"In modern society, high demands often tax executive functions and attentional resources, leading to fatigue, distraction, and difficulty planning. Attention Restoration Theory proposes that exposure to nature restores directed attention by allowing the mind to engage in ""soft fascination,"" or effortless attention, which replenishes mental resources. Beyond nature exposure, individuals may sustain attention and reduce fatigue by tapping into the ""flow"" state, where personal skills align perfectly with task challenges. Conceptualizing attention as an ecology implies that individuals can restore and sustain mental functioning through interactions with restorative environments—such as nature walks or immersive art—to support brain health, productivity, and creativity.,"
Implementation Intentions.pdf,Stress Management,"Implementation intentions are specific ""if-then"" plans designed to bridge the gap between setting a goal and actually performing the behavior. These plans help individuals overcome self-regulatory problems such as forgetting to act, missing opportunities, or being derailed by distractions and bad habits. By linking a specific situational cue to a goal-directed response, implementation intentions heighten the accessibility of cues and automate the response, thereby conserving mental energy. Forming these specific plans significantly increases the likelihood of initiating and maintaining goal-directed behaviors, such as attending health screenings or exercising, particularly when the person has a strong underlying commitment to the goal.,,"
Improving sleep quality leads to better mental health_ A meta-analysis of randomised controlled trials.pdf,Sleep Hygiene,"The causal link between sleep and mental health was evaluated by analyzing trials where interventions successfully improved sleep quality. Improvements in sleep quality led to significant reductions in depression, anxiety, and rumination, as well as reductions in stress and psychosis symptoms. A dose-response relationship was observed, meaning greater improvements in sleep resulted in greater improvements in mental health. These findings confirm that sleep is causally related to the experience of mental health difficulties and suggest that interventions designed to improve sleep, such as cognitive behavioral therapy for insomnia, are effective transdiagnostic treatments for improving overall mental well-being.,"
"Loneliness, Social Isolation, and Cardiovascular Health.pdf",Social connection,"Social isolation and the subjective feeling of loneliness are significant risk factors for cardiovascular disease, carrying risks comparable to anxiety and job stress. Lonely individuals exhibit increased peripheral vascular resistance and elevated blood pressure, while socially isolated animal models develop more atherosclerosis. Chronic social stress activates stress response systems, leading to inflammation and oxidative stress. Because loneliness increases morbidity and mortality, interventions aimed at improving social skills, enhancing social support, and addressing maladaptive social cognition are essential strategies for protecting cardiovascular health.,"
Strategies for Coping with Time-Related and Productivity Challenges of Young People  with Learning Disabilities and Attention- Deficit_Hyperactivity Disorder.pdf,Stress Management,"Young people with Learning Disabilities (LD) and ADHD face significant challenges in self-managing academic, social, and daily living demands due to neurological differences impacting executive functioning. To cope with time and productivity obstacles, students utilize a mix of cognitive, behavioral, and environmental strategies, including establishing habits and routines (like structured mornings and planning systems), reframing challenges to protect self-esteem, and using symptom-specific tactics like activity switching or creating low-level stress to induce focus. Effective strategy use across various life contexts is critical for self-management, suggesting that interventions should guide young people in generating and adjusting personalized strategies to meet the demands of emerging adulthood.,"
"The Role of Academic Motivation in Self-Regulation, Goal Orientation, and Passion Among Medical Students with Self-Handicapping Behaviors.pdf",Stress Management,"Self-handicapping behaviors, such as creating obstacles or excuses to avoid failure, hinder academic success and are influenced by students' beliefs about their abilities. Research on medical students indicates that having a strong goal orientation directly enhances academic passion, whereas academic self-regulation influences passion indirectly by boosting academic motivation. Students who set clear goals and regulate their learning are more likely to be motivated, which fosters a love of learning and reduces self-handicapping. Educators can promote academic passion and mitigate self-handicapping behaviors by encouraging goal setting, motivation, and self-regulation strategies while providing support for overcoming academic challenges.,"
The protective effect of daytime sleep on planning and risk related decision-making in emerging adults.pdf,Sleep Hygiene,"Emerging adults often experience restricted sleep, which can negatively impact decision-making and planning abilities. A study comparing a daytime sleep opportunity against wakefulness found that those who slept showed decreased sleepiness, better planning ability, and stable response speeds during risk related tasks, whereas the wake group displayed increased impulsivity and poorer planning. The beneficial changes in planning and risk decision-making were correlated with specific brain activity during the nap. These results suggest that a daytime sleep opportunity can protect against the deterioration of executive functions and reduce impulsive risk taking in young adults with poor sleep patterns.,"
Time to Form a Habit_ A Systematic Review and Meta-Analysis of Health Behaviour Habit Formation and Its Determinants.pdf,Physical Activity,"Healthy lifestyles rely on forming habits through repetition, but the popular notion that this takes 21 days is inaccurate; research shows health-related habits typically require 59 to 66 days to form, with high individual variability ranging up to nearly a year. Interventions for behaviors like physical activity, diet, and flossing showed significant improvements in habit strength. Determinants of successful habit formation include consistent context (e.g., morning practice), personal choice of the habit, and specific implementation plans. To facilitate meaningful behavior change, interventions should move beyond short-term challenges and be designed with extended timelines of 2 to 5 months to help individuals reach automaticity.,"
peer-support-groups-through-an-experiential-lens.pdf,Social connection,"Peer support groups provide emotionally and socially supportive environments for young adults facing mental health challenges, offering a space for shared lived experiences. These groups foster emotional safety, narrative autonomy, and identity reconstruction, allowing participants to transition from isolation to a sense of belonging and hope. Facilitators play a crucial role in managing boundaries and maintaining group cohesion while navigating their own emotional regulation. Peer support groups serve as nonjudgmental spaces that empower agency and connection, with future goals including facilitating deeper conversations on issues like gender expectations and self-acceptance to further personal development."
"The Effect of Lifestyle Interventions on Anxiety, Depression and Stress- A Systematic Review and Meta-Analysis.pdf",Stress Management,"This systematic review analyzed 96 clinical trials to determine if lifestyle changes can treat mental health issues. The findings confirm that lifestyle interventions—specifically physical activity, dietary changes, and improved sleep quality—significantly reduce symptoms of depression, anxiety, and stress. The review highlights that these interventions lower cortisol levels and increase endorphins, offering a cost-effective alternative to traditional medication. Specifically, the study found that even low amounts of weekly physical activity can reduce the risk of depression by up to 18%, and lifestyle changes were particularly effective for reducing stress in women and individuals with heart-related conditions."
Effectiveness of Mobile App-Based Psychological Interventions for College Students- A Systematic Review.pdf,Mindfulness,"This review examined 19 studies involving over 2,000 college students to see if mobile apps could successfully treat mental health disorders. The study found that self-guided mobile apps, particularly those based on Cognitive Behavioral Therapy (CBT) and Mindfulness, were effective in reducing stress, anxiety, and risky behaviors like excessive drinking. The findings suggest that students are willing to use these apps and that they serve as a valuable tool for ""Just-in-Time"" support, helping students manage their own symptoms remotely without needing a therapist present."
